{
  "version": 35,
  "renderTo": "bar2",
  "data": {
    "y": {
      "vars": ["V1"],
      "smps": ["S1","S2","S3"],
      "data": [
        [33,44,55]
      ]
    }
  },
  "config": {
    "decorations": {
      "marker": [
        {
          "fontSize": 12,
          "text": "p < 0.01 ***",
          "type": "annotation",
          "variable": ["V1"],
          "sample": ["S1"],
          "id": "bar2-marker-0",
          "vi": [0],
          "si": [0],
          "vi2": false,
          "si2": false,
          "b": [53.8845703125,39.800000000000004,520.230859375,528.4],
          "len": 61.048828125,
          "width": 12,
          "tx": 140.5845703125,
          "ty": 497.9205882352941,
          "tx2": false,
          "ty2": false,
          "curX": 140.5845703125,
          "curY": 494.2205882352941
        },
        {
          "fontSize": 12,
          "text": "p < 0.05 **",
          "variable": ["V1"],
          "type": "annotation",
          "sample": ["S2"],
          "id": "bar2-marker-1",
          "vi": [0],
          "si": [1],
          "vi2": false,
          "si2": false,
          "b": [53.8845703125,39.800000000000004,520.230859375,528.4],
          "len": 56.37890625,
          "width": 12,
          "tx": 313.98457031250007,
          "ty": 284.2294117647059,
          "tx2": false,
          "ty2": false,
          "curX": 313.98457031250007,
          "curY": 280.5294117647059
        },
        {
          "sample2": ["S3"],
          "text": "p < 0.01 ***",
          "fontSize": 12,
          "variable": ["V1"],
          "type": "comparison",
          "sample": ["S2"],
          "variable2": ["V1"],
          "id": "bar2-marker-2",
          "vi": [0],
          "si": [1],
          "vi2": [0],
          "si2": [2],
          "b": [53.8845703125,39.800000000000004,520.230859375,528.4],
          "len": 61.048828125,
          "width": 12,
          "tx": 313.98457031250007,
          "ty": 284.2294117647059,
          "tx2": 487.38457031250005,
          "ty2": 70.5382352941177,
          "curX": 313.98457031250007,
          "curY": 54.838235294117695
        }
      ]
    },
    "graphOrientation": "vertical",
    "graphType": "Bar",
    "showLegend": false,
    "smpLabelRotate": 90,
    "smpTitle": "Samples",
    "theme": "CanvasXpress",
    "title": "Simple Bar graph with annotations",
    "xAxisTitle": "Value"
  },
  "events": false,
  "info": false,
  "afterRenderInit": false,
  "afterRender": [
    [
      "setDimensions",
      [613,613,true]
    ]
  ],
  "noValidate": true,
  "factory": {
    "version": 35,
    "buildDate": "06-20-2021",
    "client": "MTYyNTU0MjAyODk4ODo6MTo6MzU6Og==",
    "siteSrc": false,
    "valid": 0,
    "href": "https://canvasxpress.org/examples/bar-2.html",
    "services": "https://www.canvasxpress.org/cgi-bin/services.pl"
  },
  "system": {
    "browser": "Chrome",
    "browserVersion": "91",
    "os": "Mac OS",
    "alt": "&#8997;",
    "command": "&#8984;",
    "control": "&#8963;",
    "shift": "&#8679;",
    "isjQuery": false,
    "isReveal": false,
    "isZoom": false,
    "isIE": false,
    "isInIframe": false,
    "isTouchScreen": 0,
    "isR": false,
    "isHTMLWidgets": false,
    "isShiny": false,
    "isRViewer": false,
    "isRConsole": false,
    "isNode": false
  }
}