{
  "version": 36.4,
  "renderTo": "bar2",
  "data": {
    "y": {
      "vars": ["V1"],
      "smps": ["S1","S2","S3"],
      "data": [
        [33,44,55]
      ]
    }
  },
  "config": {
    "decorations": {
      "marker": [
        {
          "sample": ["S1"],
          "type": "annotation",
          "fontSize": 12,
          "text": "p < 0.01 ***",
          "variable": ["V1"],
          "id": "bar2-marker-0",
          "vi": [0],
          "si": [0],
          "vi2": false,
          "si2": false,
          "b": [53.2845703125,43.400000000000006,511.430859375,512.2],
          "len": 61.048828125,
          "width": 12,
          "tx": 138.5145703125,
          "ty": 487.10735294117643,
          "tx2": false,
          "ty2": false,
          "curX": 138.5145703125,
          "curY": 483.5073529411764
        },
        {
          "fontSize": 12,
          "type": "annotation",
          "text": "p < 0.05 **",
          "sample": ["S2"],
          "variable": ["V1"],
          "id": "bar2-marker-1",
          "vi": [0],
          "si": [1],
          "vi2": false,
          "si2": false,
          "b": [53.2845703125,43.400000000000006,511.430859375,512.2],
          "len": 56.37890625,
          "width": 12,
          "tx": 308.9745703125,
          "ty": 279.96764705882356,
          "tx2": false,
          "ty2": false,
          "curX": 308.9745703125,
          "curY": 276.36764705882354
        },
        {
          "variable2": ["V1"],
          "text": "p < 0.01 ***",
          "fontSize": 12,
          "type": "comparison",
          "sample": ["S2"],
          "variable": ["V1"],
          "sample2": ["S3"],
          "id": "bar2-marker-2",
          "vi": [0],
          "si": [1],
          "vi2": [0],
          "si2": [2],
          "b": [53.2845703125,43.400000000000006,511.430859375,512.2],
          "len": 61.048828125,
          "width": 12,
          "tx": 308.9745703125,
          "ty": 279.96764705882356,
          "tx2": 479.4345703125,
          "ty2": 72.82794117647055,
          "curX": 308.9745703125,
          "curY": 57.22794117647055
        }
      ]
    },
    "graphOrientation": "vertical",
    "graphType": "Bar",
    "showLegend": false,
    "smpLabelRotate": 90,
    "smpTitle": "Samples",
    "theme": "CanvasXpress",
    "title": "Simple Bar graph with annotations",
    "xAxisTitle": "Value"
  },
  "events": false,
  "info": false,
  "afterRenderInit": false,
  "afterRender": [
    [
      "setDimensions",
      [613,613,true]
    ],
    [
      "setDimensions",
      [603,600,null,null,null,null],
      {},
      1634078933501
    ]
  ],
  "noValidate": true,
  "factory": {
    "version": 36.4,
    "buildDate": "10-03-2021",
    "client": "MTYzNDA3ODkyMzEzNzo6MTo6MzYuNDo6",
    "siteSrc": false,
    "valid": 0,
    "href": "https://canvasxpress.org/examples/bar-2.html",
    "services": "https://www.canvasxpress.org/cgi-bin/services.pl"
  },
  "system": {
    "browser": "Chrome",
    "browserVersion": "94",
    "os": "Mac OS",
    "alt": "&#8997;",
    "command": "&#8984;",
    "control": "&#8963;",
    "shift": "&#8679;",
    "isjQuery": false,
    "isReveal": false,
    "isZoom": false,
    "isIE": false,
    "isInIframe": false,
    "isTouchScreen": 0,
    "isR": false,
    "isHTMLWidgets": false,
    "isShiny": false,
    "isRViewer": false,
    "isRConsole": false,
    "isNode": false
  }
}